,food_name
0,Diabetic-Friendly Apple Muffins
10,Chickpea Curry
103,Bean Soup With Kale
203,Air Fryer Garlic and Parsley Baby Potatoes
221,No Bake Bumpy Peanut Butter Nuggets
306,Caribbean Fish Soup
321,Quick and Easy Vegetable Curry
401,Tomato Concasse
418,Polenta
495,One-Ingredient Sorbet
502,Split Pea Soup without Pork
571,Easy Lima Beans
671,Grilled Corn Salad
772,Pico de Gallo with Cabbage (Mexican Coleslaw)
784,Dairy-Free Creamy Broccoli Soup
788,Rosemary Roasted Butternut Squash
889,Spicy Baked Sweet Potato Fries
989,Baked Potato
1084,Berry Fruit Salad
1098,Breakfast Brownies
2306,Slow Cooker Mediterranean Stew
2394,Broccoli Soup
2488,Baked Sweet Potato Sticks
2588,Cranberry and Cilantro Quinoa Salad
2689,Banana and Peanut Butter 4-Ingredient 'Ice Cream'
2712,Savory Roasted Root Vegetables
2813,Easy Banana Ice Cream
2820,Cabbage on the Grill
2897,Classic Turkey and Rice Soup
2932,Super Easy Slow Cooker Chicken Enchilada Meat
2999,"""Skinny"" Chicken Tacos"
3015,Dandelion Salad
3037,Okra with Tomatoes
3080,Quinoa Porridge
3151,Roasted Beet Salad
3155,Stir-Fried Mushrooms with Baby Corn
3185,Instant Pot® Black Beans
3189,Easy Southern Fried Green Tomatoes
3210,Banana Breakfast Cookies
3287,Air Fryer Falafel
3301,Grilled Butternut Squash
3306,Oven Fried Okra
3332,Curtido (El Salvadoran Cabbage Salad)
3362,Can't Tell They're Low-fat Brownies
3450,Lentil Rice and Veggie Bake
3549,Secret Ingredient Pico de Gallo
3570,Instant Pot® Steamed Artichokes
3586,Overnight Light PB&J Oats
3602,Italian Stewed Tomatoes
3658,Sauteed Kale with Apples
3688,Roasted Eggplant and Mushrooms
3724,Baked French Fries II
3820,Reduced Fat French Toast
3834,Butternut Squash Fries
3935,Simple Steamed Artichokes
3947,Tuna Fish Pea Salad
3978,Corn on the Cob in the Microwave
3982,"Carrot, Tomato, and Spinach Quinoa Pilaf"
4050,Roasted Green Beans and Baby Red Potatoes
4052,Sweet Potato Chips in the Air Fryer
4058,Schwabischer Kartoffelsalat (German Potato Salad - Swabian-Style)
4857,Delicious and Easy Corn on the Cob
4930,Banana Oat Energy Bars
5004,Gobi Aloo (Indian Style Cauliflower with Potatoes)
5098,Tacos de Jamaica (Vegan Hibiscus Tacos)
5101,Potato Hay
5115,Squash and Green Bean Saute Side Dish
5140,Twice Baked Sweet Potatoes with Ricotta Cheese
5241,Curried Cumin Potatoes
5311,Manhattan Clam Chowder
5330,Black Bean Salsa
5417,Zucchini with Chickpea and Mushroom Stuffing
5516,Rush Hour Refried Beans
5565,Lemon Herb Quinoa
5572,Grilled Asian Asparagus
5593,Steel-Cut Oats and Quinoa Breakfast
5603,Gingerbread Biscotti
5702,Refreshing Sweet and Spicy Jicama Salad (Vegan)
5725,Chickpea Salad
5787,Jicama Tortillas
5789,Quick Sesame Green Beans
5887,Slow Cooker Vegetarian Curry
5896,Italian Roasted Cauliflower
5919,Easter Ham Bone Soup
6011,Tilapia Ceviche
6032,Gourmet Microwave Popcorn
6061,Rutabaga Oven Fries
6094,Banana Chia Pudding
6111,Carrot Tzimmes
6113,Sweet Carrot Salad
6159,Mexican Hot Carrots
6189,Pineapple Slaw
6204,Curried Cottage Fries
6231,Slow Cooker Green Beans and Potatoes
6234,Fruit Leather
6267,Chocolate-Banana Tofu Pudding
6314,Parsley Potatoes
6355,Tabbouleh II
6433,"Summer Fruit Salad with a Lemon, Honey, and Mint Dressing"
6455,Vegetarian Bean Curry
7317,Easy Black Beans and Tomatoes
7325,Pineapple Salsa
7421,Jicama Appetizer
7464,Pumpkin Protein Cookies
7528,No Cook Applesauce
7541,Grandma's Green Beans with Bacon Vinaigrette
7543,Lemony Quinoa
7644,Seafood Gumbo Stock
7661,Lentil Soup III
7754,Apple Ladybug Treats
7782,Frijoles III
7803,Mustard-Dill Roasted Fingerling Potatoes
7807,Rosemary Potato Wedges for the Air Fryer
7811,Easy Roasted Chickpeas
7822,Chicken Gumbo Soup
7835,Simple Mexican Quinoa
7839,Air Fryer Plantain Chips
7842,LaWanna's Mango Salsa on Tilapia Fillets
7860,Honey Lime Fruit Salad
7904,Shrimp Garden Salad
7916,Protein-Packed Spicy Vegan Quinoa with Edamame
7935,Seasoned Roasted Root Vegetables
7955,Rutabaga Stew
7968,Farikal
7985,Date Haroset
7993,Trail Mix Cookies
8054,Bengali Dhal
8072,Utokia's Ginger Shrimp and Broccoli with Garlic
8130,Mango Gazpacho
8201,Delaware Blue Crab Boil
8208,Instant Pot® White Beans
8210,Applesauce for the Freezer
8251,Tropical Island Fruit Salad
8254,Sugarless Applesauce Cake
8282,Green Beans and Potatoes
8305,Diabetic-Friendly Coconut Muffins
8310,Cuban Inspired Millet
8324,Duck Fat-Roasted Brussels Sprouts
8838,Tuna-Stuffed Zucchini
8861,Ellen's Vegan Stuffed Peppers
8865,Mushroom Broth
8867,Pat's Baked Oatmeal
8893,Sous Vide Cauliflower
8901,Raw Hummus
8969,Fried Yellow Squash
8991,Roasted Delicata
9004,Tortilla Soup I
9076,Black Bean Spread
9114,Sweet Potato Hummus
9147,Millet-Stuffed Peppers
9170,Warm Apple Cinnamon Cobbler
9187,Hatch Chile Salsa
9198,Banana Bread Oatmeal
9210,Summer Cucumber Jicama Salad
9219,Fruit Salad with Vanilla Yogurt
9231,Eggplant and Tomato Caponata
9236,Pumpkin Pie for Dieters
9292,Chilled Cantaloupe Soup
9354,Apple Raisin Cakes
9382,Pollo con Nopales (Chicken and Cactus)
9396,John's Raspberry Asparagus
9409,Vanilla Granola
9429,Bahamian Baked Grouper
9443,Wabbit-Approved Carrot Raisin Salad
9455,Instant Pot® Corn on the Cob
9467,Tiffany's Sauteed Mushrooms
9478,Oven Baked Vegetables
9491,Collard Greens and Beans
9556,Braised Cabbage with Bacon
9558,Chocolate Cake Batter Hummus
9563,Orange Salsa
9567,Mexican Cucumber and Carrot Salad
9583,Fresh Tomato Salsa Restaurant-Style
9586,Slow Cooker Root Veggie Winter Soup
9599,Sweet and Spicy Roasted Cabbage Wedges
9601,Roasted Kabocha Squash
9604,Fresh Fruit with Poppy Seed Dressing
9633,Black Bean and Rice Salad
10014,Southwestern Cactus Salad
10038,Black-Eyed Peas Spicy Style
10058,Tomato and Zucchini Melange
10079,Overnight Slow Cooker Apple Oatmeal
10083,Vegan and Gluten-Free Broth Powder
10085,Spicy Chipotle Black-Eyed Peas
10099,Apple Pie Oatmeal Breakfast
10110,Easy Black Bean Hummus
10128,Gingered Acorn Squash
10144,Best Soup This Side Of The Mississippi
10150,Healthy and Tasty Strawberry Sherbet
10154,Florentine Tomato Soup
10202,Corn and Jalapenos
10208,Barb's Guinness®-n-Cabbage Delight
10216,Mango Madness Salad
10230,Potato Filling
10243,Grilled Okra Salad
10251,Garlic New Potatoes
10259,Strawberry-Banana Freezer Oatmeal
10265,Bourbon Fig Compote
10278,Beer Simmered Beans
10305,Asparagus Guacamole
10343,Bangan ka Bhurta (Indian Eggplant)
10371,Limeabalemon Glaciate
10377,Soy-Glazed Corn on the Cob
10382,What the ELLE...Baked Egg Rolls
10409,Carrots with Cognac
10420,Beets with Mandarin Oranges
10430,Hearty Greek Lentil Soup
10432,Quinoa Chard Pilaf
10434,Jicama Mango Slaw
10448,Curried Israeli Couscous
10450,Baked Grains Pilaf
10460,Indian Lentils and Spinach
10473,Salsa-Roasted Potatoes
10475,Thanksgiving Spinach Salad
10502,Cajun Spiced Corn
10510,Tipsy Fruit
10513,Delicious Vegan Vegetable Soup
10515,Glazed Root Vegetables
10761,Mena's Simple Steamed Asparagus
10766,Mexican Charred Tomatillo Salsa
10769,Jicama Hash Browns O'Brien
10771,Ginger-Glazed Carrots
10773,Fresh Cranberry Salsa
10787,Blueberry Bake
10792,Nicole's Balsamic Beet and Fresh Spinach Salad
10804,A New Green Bean Casserole
10824,Summer Medley Salad
10831,Ginger Carrot Soup by Jean Carper
10856,Pear-Mango Salsa
10859,Cinnamon Apple Delight
10870,Island Chicken with Fruit Salsa
10899,Air Fryer Honey-Sriracha Asparagus
10901,Easy Spiced Brown Rice With Corn
10957,Banana Spice Cookies
10996,Fruit Bake
11003,Grilled Chicken Citrus Salad
11032,Grilled BBQ Shrimp with Citrus Corn Salad
11047,Green Beans in Cider
11052,Popcorn Macaroons
11059,Apple-Pear Sauce
11061,#1 Pumpkin Spice Cookies
11098,Chicken Veggie Soup I
11104,Rosy Strawberry Rhubarb Applesauce
11109,Black Bean and Soy Veggie Burgers
11113,Kabocha Squash Pie (Japanese Pumpkin Pie)
11119,Cauliflower Dream
11130,Suzy's Special Red Quinoa
11140,Blueberry-Pineapple Salad with Creamy Yogurt Dressing
11143,Citrus Carrot Salad
11149,Simple Tuna Fish Tacos
11153,Low-Fat Celery and Peas with Cream
11160,Fresh and Crisp Cucumber Salad
11162,Spicy Cranberry Salsa
11166,Cherry Tomato Snap Peas
11172,Strawberry Loquat Salsa
11336,Tomato Freekeh
11344,South African Lamb Sosaties (Kebabs)
11352,Stewed Tomatoes Spiced with Mustard
11356,Quick 'n' Easy Carrot Slaw
11362,Sunset Soup
11372,Harvest Patties
11376,Potato Salad III
11403,Soup La Angelena
11408,Crunch's Lentil Salad
11415,Honey Spiced Granola Bars
11426,Champagne Sorbet with Berry Medley
11431,Colorful Tomato Salad with Rose Water Dressing
11433,Apple Stick Salad
11440,Curried Cream of Any Veggie Soup
11450,Spicy Bean and Corn Salsa Side
11461,Easy Corn and Green Onion Salad
11476,Honey Orange Green Beans
11491,Elderberry Soup
11498,Lemon-Basil Strawberry Salad
11501,Arizona Cactus and Beans
11503,Rebecca's Instant Cinnamon Oatmeal
11506,Wasabi Pea Gnocchi
11513,Steamed Mussels with Curry
11516,James' Fire Salad
11518,Shiraz Salad
11521,Easy Instant Pot® Cranberry Sauce
11525,Dolce Pesca (Sweet Peaches)
11532,Overnight Oatmeal with Fresh Raspberries
11534,Tan
11557,Millet Breakfast Porridge with Fruit
11559,Ruby's Spicy Red Salad
11563,Carrot and Pear Sauce
11567,Cinnamon Sugar Snap Peas
11574,Carrot Citrus Salad
11702,Eskimo Cubes for Summer
11705,Lemony Chicken Pasta Toss
11724,Strawberry Soup III
11740,Watermelon Fish Snack for Kids
11742,Caryn's Chicken
11777,Chorizo-Spiced Party-Sized Chopped Veggie Salad
11779,Spinach-Stuffed Butternut Squash Patties
11781,Shrimp with Fruited Couscous
11785,Chipotle Fiesta Chili
11790,Colorful Mango Salad
11792,Winter Harvest Curry Stew
11797,Rice Dressing
11801,Brussels Sprouts and Chestnuts
11809,Pepper Salad
11812,Trainor Family Cranberry Salad
11829,Nutritious and Delicious Pasta
11831,Orange Surprise Pops
11833,"Spinach, Potato, and Nutmeg Soup"
11843,Summer Bean Salad II
11872,Pretty Pomegranate Salad
11876,Quick Black Bean Hummus
11890,Indian-Style Corn on the Cob in Onion and Yogurt Sauce
11893,Instant Pot® Cherry-Orange Cranberry Sauce
11898,Banana Oat Bars
11989,Cold Fruit Explosion Soup
11994,Easy Roasted Potatoes
12019,Zesty Lemon Carrot Salad
12451,Rosemary Braised Lamb Shanks
12541,Beef Pot Roast
12641,4-Ingredient Keto Peanut Butter Cookies
12710,Creamiest Rice Pudding
12807,Buckeyes I
12899,Hot Water Cornbread
12998,Cabbage Rolls II
13092,Mary's Gone Crackers® Copycat
13106,Grilled Sea Bass
13202,Asparagus Wrapped in Crisp Prosciutto
13299,Super-Easy Peanut Butter Cookies
13317,Perfect Flourless Orange Cake
13374,Basic Keto Cheese Crisps
13442,Ultimate Low-Carb Zucchini Lasagna
13510,Buffalo Cauliflower
14769,Foolproof Rib Roast
14870,Mayo Chicken
14971,Maple-Garlic Marinated Pork Tenderloin
15072,Broiled Scallops
15166,The Best Mashed Potatoes
15259,Gluten-Free Bread in a Bread Machine
15274,Grilled Marinated Shrimp
15367,Quick and Simple Broccoli and Cheese
15436,No-Bake Chocolate Coconut Cookies
15527,BLT Dip
15616,Charley's Slow Cooker Mexican Style Meat
15715,Super Grouper
15809,Almond Flour Blueberry Muffins
15814,Grilled Tilapia with Mango Salsa
18218,Flourless Chocolate Mousse Cake
18222,Jalapeno Steak
18323,Sauteed Scallops
18422,Cabbage Lasagna
18425,Polish Stuffed Cabbage
18516,Flourless Peanut Butter Cookies
18608,Quick Peanut Butter Cookies
18707,Flourless Chocolate Cake II
18807,Black Bean Brownies
18908,Sweet Spicy Wings
18997,Roast Leg of Lamb with Rosemary
19089,Avocado Breakfast Bowl
19163,Serbian Cevapcici
19228,Quinoa Side Dish
19328,Pepperoni Pizza Cheese Drip Chips
22750,Slow Cooker Barbeque
22845,Fluffy Gluten-Free Pancakes
22856,Cod Fish Cakes
22947,Turkey Spaghetti Zoodles
22987,Cauliflower Pizza Crust
23088,Almond Flour Bread
23189,Hungarian Flourless Hazelnut Cake
23261,Flourless Chocolate Lava Cake
23267,Roasted Lemon Herb Chicken
23362,Easy Gluten-Free Macaroni and Cheese
23402,Warm Flourless Chocolate Cake with Caramel Sauce
23502,Whole30® Banana Bread Drop Muffins
23548,Easy Cloud Bread
23649,Amy's Cilantro Cream Sauce
23738,Bacon Breakfast Casserole (Gluten Free)
23764,Pignoli Cookies I
23843,Potato Pancakes II
23938,Spinach and Artichoke Dip
24014,Pepperoni Meatza
24085,Best Instant Pot® Scalloped Potatoes
24128,Quick and Easy Baked Fish Fillet
24148,Indian Style Sheekh Kabab
24246,Seven Layer Gelatin Salad
24327,Colored Sugar
24426,BBQ Pork for Sandwiches
24518,Spam and Eggs
24545,Almond Flour Banana Bread
24644,Cheesy-Crust Skillet Pizza
24674,Brown Sugar and Cinnamon Rice Pudding
24679,Quick and Easy Stuffed Peppers
24762,Gluten-Free Sugar Cookies
24821,Chaffles
24823,How to Make Farinata
24852,Buffalo Chicken Wings I
24949,Divine Hard-Boiled Eggs
25050,Old-Fashioned Rice Pudding I
25126,Barbecued Beef
25211,Authentic Huevos Rancheros
26535,Garbanzo Bean Chocolate Cake (Gluten Free!)
26636,Zucchini Spaghetti
26676,Flourless Banana Pancakes
26712,Chocolate Chip Cheese Ball
26809,Amazing Chocolate Quinoa Cake!
26895,Liver Pate
26923,Slow Cooker Chile Verde
27022,Coconut Flour Chocolate Brownies
27106,Grilled Shrimp Scampi
27202,Ham and Cheese Breakfast Quiche
27296,Almond Milk Chocolate Pudding
27348,Stovies
27361,Gluten-Free Butter Crackers
27364,Feta Eggs
27459,Mexican Corn
27556,Grilled Rock Lobster Tails
29992,Spicy Chicken Noodles
30022,Hot Artichoke Spinach Dip
30118,Almond Meal Pancakes
30139,Italian Chickpea Bread
30167,Homemade Gluten-Free Gnocchi
30171,Barbequed Ribs
30264,Moist Flourless Chocolate Cupcakes
30271,Chocolate Meringue Cookies
30368,The Best Pavlova
30446,Moo Goo Gai Pan II
30509,Low-Carb Zucchini Pasta
30609,Irish Cream Crème Brûlée
30710,Low-Carb Cheesecake
30712,Roasted Garlic Parmesan Mashed Potatoes
30806,Apricot Cheesecake
30810,Flourless Banana Honey Cake
30816,Pesto Polenta Lasagna
30916,Easter Story Cookies
30942,Corned Beef Hash Cakes
34315,Amazing Gluten-Free Layer Bars
34395,Porcupines
34493,Garlic Green Beans
34579,World's Easiest Peanut Butter Blossoms
34606,Movie Star Popcorn
34707,Bacon and Date Appetizer
34800,Cauliflower Rice (Biryani-Style)
34820,3-Ingredient Pancakes
34862,Delicious Gluten-Free Pancakes
34963,Slow Cooker Tapioca Pudding
35063,Yummy Roll Ups
35161,Meringue Cookies
35259,Buckeye Cookies III
35346,Asian Pot Roast in an Instant Pot®
35353,Italian-Style Stuffed Peppers
35390,(Gluten Free) Magic Cookie Bars
35442,Gluten-Free Italian Meatballs
39909,Chocolate Chip Cookies (Gluten Free)
40002,Beets on the Grill
40061,Easy Never Forgotten Guacamole
40154,Banana Oatmeal Protein Bars
40190,Corned Beef Potato Pancakes
40208,Chocolate-Dipped Coconut Macaroons
40247,"""Pantry Raid"" Chicken Enchilada Casserole"
40348,Sesame Green Beans
40445,Pork Chops and Sauerkraut
40539,Southern as You Can Get Collard Greens
40639,Shrimp Florentine with Zoodles
40739,Zucchini 'Noodles'
40840,Cloud Bread
40899,Cauliflower Pizza Bites
40995,Blueberry Salad
41088,Peppermint Patties
41185,Cream Cheese Mints
41281,Gluten-Free White Bread for Bread Machines
41377,Almond Flour Brownies
41445,Antipasto
41463,Easy Gluten-Free Carrot Cake
41487,Zoodle Lasagne
41519,Paleo Mini Meatloaves
41535,Feta and Olive Meatballs
41632,Gluten-Free Peanut Butter Cookies
41728,Green Beans with Cherry Tomatoes
41825,Instant Pot® Chicken Pot Pie (Crustless and Gluten Free)
41882,Simple Gluten-Free Snickerdoodle Cookies
41893,French Chocolate Mousse with Orange
41900,Basil Shrimp
41997,Gluten-Free Irish Soda Bread
42048,Fereni Starch Pudding
42061,Zucchini Waffles (Green Waffles)
42071,Eggplant Fritters
42771,Amazing Almond Flour Pancakes (Gluten-Free and Paleo-Friendly)
42856,Amaretti
42931,Cheesecake Cupcakes
43019,Chocolate Rice Pudding
43033,Chef John's Corn Tortillas
43063,Italian Sausage Spaghetti Squash
43122,Traditional Mexican Street Tacos
43128,American Frittata
43222,Yogurt-Marinated Chicken Shawarma
43232,Gluten-Free Shake and Bake Almond Chicken
43281,Gluten-Free Yellow Cake
43368,Honey Grilled Shrimp
43461,Lemon Panna Cotta
43464,Black Bean and Avocado Brownies
43468,Orange Buttermilk Salad
43534,Egg in a Pepper
43605,Gluten-Free Chicken Nuggets
43617,Broiled and Slow-Roasted Butterflied Leg of Lamb With Cumin and Garlic
45234,Rice Flour Pancakes
45278,"Gluten-Free, Dairy-Free Coconut Brownies"
45294,Caramels I
45393,Chevre Cheesecake
45420,Almond Flour Chocolate Chip Muffins
45423,Eggplant Parmesan - Gluten-Free
45442,Uncle Mac's Peanut Butter and Jelly Cookies
45529,Yummy Pecan Pralines
45577,Easy Flourless Chocolate Cake
45579,Cauliflower Rice and Beans Fajita Bowls
45679,Zucchini Nachos
45682,Gluten-Free Moist Chocolate Cake
45756,Chocolate Peanut Butter Bars II
45850,Gluten-Free Dark Chocolate Cupcakes
45857,Coconut Candies
45880,Easy Rice Bread
45891,Maple Glazed Ribs
48308,Four-Ingredient Gluten-Free Italian Coconut Cookies
48324,Chocolate Decadence Cake I
48389,Gluten-Free Turkey Meatballs
48408,Cuban Beans and Rice
48494,Baked Bananas
48498,Slow Cooker Bananas Foster
48539,Italian Chicken with Garlic and Lemon
48627,Gluten-Free Brownies
48629,Fish Fillets Italiano
48718,Asian-Style Ground Beef Cabbage Wraps
48723,Wild and Brown Rice
48743,Instant Pot® Spinach and Artichoke Dip
48757,Carol's Arroz Con Pollo
48853,Stuffed Celery
48915,Chef John's Chocolate Energy Bars
48960,Butter Mochi
48986,Instant Pot® Quinoa
48988,Gluten-Free Almond Flour Chocolate Chip Cookies
49088,Onigiri (Japanese Rice Balls)
49090,Strawberries Romanoff
49093,Spiced Pumpkin Seeds
52403,Grandma's Five Cup Salad
52494,Brazilian Cheese Rolls (Pao de Queijo)
52515,Southern Dirty Rice
52610,Mexican Quinoa
52710,Tequila Shrimp
52804,Slow Cooker Pineapple Pork Roast
52905,Easy Chicken Cacciatore
52965,Gluten Free Tuna Casserole
52987,Ghirardelli One-Bowl Flourless Brownies
53064,Sweet Candied Orange and Lemon Peel
53145,Gluten-Free Cornbread
53162,Smoked Salmon Mousse
53248,Kohlrabi Noodles with Bacon and Parmesan
53252,Asian Sesame Seared or Grilled Tuna (Gluten Free)
53267,Chicken Breast Pot Pie with Cauliflower Crust
53269,Banana Egg Waffles
53286,Basic Hummus
53352,Homemade Marshmallows II
53406,Chef John's Brazilian Cheese Bread (Pao de Queijo)
53417,Herbed Mushrooms with White Wine
53517,Brandied Candied Sweet Potatoes
53579,Chaffles with Almond Flour
53594,Low-Carb Keto Cheese Taco Shells
53608,Keto Cheeseburger Casserole
53611,Air-Fried Shrimp
53615,Creamy Keto Taco Soup with Ground Beef
53689,Keto Creme Brulee
53717,Keto Beef Egg Roll Slaw
53809,Best Keto Bread
53910,Low-Carb Almond Cinnamon Butter Cookies
53967,Keto Margarita
53984,Smoked Chicken Drumsticks
53986,Sous Vide Egg Bites
53991,Instant Pot® Keto Hamburger Soup
53993,Keto Spinach-Artichoke Chicken
54021,Lemon-Garlic Air Fryer Salmon
54024,Keto Fathead Bread
54033,Keto Cheesecake Cupcakes
54134,Easy Keto Beef Tacos
54159,Keto Lemon-Garlic Chicken Thighs in the Air Fryer
54170,Keto Chicken Crust Pizza
54769,Sheet Pan Lemon Butter Garlic Shrimp with Asparagus
54794,Rebekah's Keto Egg Casserole
54827,Cheesy Broccoli and Chicken Casserole
54885,Easy Asparagus Frittata
54894,Baked Cajun Chicken Drumsticks
54905,Keto Open-Faced Chicken Cordon Bleu
54923,Fluffy Keto Pancakes
54972,Smoked Pork Chops
54974,Spicy Chicken Jerky in the Air Fryer
54976,Instant Pot® Lemon Rotisserie Chicken
55004,Chewy Keto Chocolate Cookies
55026,Keto Cauliflower Hash Browns
55049,Garlic Tuscan Chicken
55118,Keto Berry-Pecan Cheesecake Bars
55139,Keto Tex-Mex Ground Beef Casserole
55148,Cheesy Keto Biscuits
55207,Roasted Buffalo Cauliflower
55223,Instant Pot® Roasted Whole Chicken
56292,Spicy Keto Chicken-and-Cheese Casserole
56304,Bacon on the Grill
56306,Air Fryer Keto Garlic Cheese 'Bread'
56329,Keto Shrimp Scampi
56337,Keto Air Fryer Jalapeno Poppers
56341,Gluten-Free Alfredo Sauce
56343,Crispy Fried Chicken Skin
56346,Pesto-Stuffed Chicken Breast
56353,Lamb Souvlaki
56355,Keto Brownies
56407,Easy Keto Homemade Tomato Sauce
56418,Kabob Koobideh (Persian Ground Meat Kabobs)
56420,Chocolate-Peanut Butter Keto Cups
56493,Air Fryer Pepperoni Chips
56495,Authentic Greek Tzatziki
56500,Three-Ingredient Keto Alfredo Sauce
56508,Air Fryer Keto Chicken Wings
56511,Keto Coconut Cookies
56522,Keto Chicken-Broccoli Casserole
56546,Instant Pot® Indian Chicken Curry
57873,Keto Coconut Lime Bars
57889,"Crustless Spinach, Mushroom, and Tomato Quiche (Keto)"
57896,Keto Lasagna
57901,Easy Keto Korean Beef with Cauli Rice
57927,Air Fryer Turkey Breakfast Sausage Links
57930,Instant Pot® Keto Chicken Thighs in Lemon-Garlic Cream Sauce
57942,Keto Chicken and Broccoli Casserole
57954,Creamy Keto Cauliflower Risotto
58023,Parmesan-Roasted Cauliflower
58037,Blackened Ranch Pan-Fried Chicken Thighs
58042,5-Ingredient Peanut Butter Chocolate Cookies
58055,Pan-Fried Tilapia
58057,Keto Raspberry Cheesecake
58067,Sous Vide Lemon-Butter Shrimp
58073,Keto Chicken Cordon Bleu Meatballs
58093,Keto Cauliflower Bacon Cheese Mash
58101,Never-Fail Hard-Boiled Eggs
58103,Keto Smoky Chicken and Vegetable Sheet Pan Dinner
58112,Keto Pepperoni Pizza with Fathead Crust
58123,Low-Carb Cauliflower Mock Potato Salad
58132,Instant Pot® Hard-Boiled Eggs
58151,Keto Breakfast Frittata
58156,Keto Spaghetti Squash with Bacon and Blue Cheese
58177,No-Churn Keto Ice Cream
58184,Keto Instant Pot® Soup (Low Carb)
58235,Spicy Ranch Cauliflower Crackers
58242,Keto Sausage Balls
58262,Grain-Free Butter Bread
58328,Keto Crackers
58345,Keto Stuffed Pepper Casserole
58349,Sheet Pan Vegan Roasted Eggplant with Garlic
58358,Keto Tortillas
58366,Keto Broccoli Cheddar Soup
58373,Keto Air Fryer Salmon Cakes with Sriracha Mayo
58379,Best Low-Carb Keto Meatballs
58387,Keto Low-Carb Lemon Poppy Seed Muffins
58427,Keto Chicken Fritters
58434,Keto Pecan-Crusted Pork Chops in the Air Fryer
58436,Basic Sheet Pan Chicken Sausage and Roasted Cabbage
58441,Keto Shrimp Alfredo
58448,Easy Instant Pot® Chicken Tikka Masala
58799,Keto Mozzarella Alfredo Sauce
58804,Keto Cinnamon Granola
58826,Keto NY Cheesecake
58836,Cheddar Keto Biscuits
58845,Oven-Roasted Za'atar Chicken Breasts
58848,Low-Carb Sugar-Free Instant Pot® Cheesecake
58859,One-Pot Keto Jambalaya with Cauliflower Rice
58865,Caveman Chili
58905,Quick and Easy Parmesan Zucchini Fries
58935,Bacon in the Oven
58937,Instant Pot® Bacon-Ranch Chicken Thighs
58951,Keto Smothered Green Beans
58958,Instant Pot® Keto Ranch Chicken
58985,Steak Using the Fast-Flip Method
58991,Baked Old Bay® Salmon
58994,Sous Vide Steak
58996,Easy Low-Carb Cauliflower Mac 'n Cheese
59042,Keto Baked Spinach-Artichoke Chicken Breasts
59615,Keto Bacon Cheeseburger Soup
59626,Keto Diet Avocado Egg Bake
59635,Easy Gluten-Free Bagels
59642,Keto Pumpkin Cheesecake with Almond Pecan Crust
59644,Keto Mushroom-Stuffed Chicken Breasts
59650,Spicy Sausage Balls without Bisquick®
59653,Easy 4-Ingredient Low-Carb Keto Wraps
59658,Keto Jalapeno Popper Chicken Casserole
59661,Spicy Breakfast Sausage Patties
59663,Keto Avocado-Spinach Smoothie
59673,Air Fryer Steak Jerky
59675,Low-Carb Pumpkin Cheesecake Bars
59708,Healthier Baked Chicken Breasts
59714,Keto Zuppa Toscana
59722,Sheet Pan Ratatouille
59733,Keto Cheesy Bacon and Egg Cups
59737,Crispy Air-Fried Chicken
59739,Keto Chicken Taco Shells
59744,Smoked Mozzarella Skillet Chicken
59749,Keto Pizza Crust
60457,Keto Broccoli Salad
60459,Keto Pumpkin Soup
60464,Crispy Keto Fried Chicken in the Air Fryer
60466,Grilled Chicken Under a Brick
60468,Keto Mock Crab Salad
60474,Easy Low-Carb Keto Broccoli Cheddar Soup
60492,Oven-Baked Keto Chicken Thighs with Creamed Spinach and Mushrooms
60494,One-Pan Keto Chicken Breast with Vegetable Ragout
60504,Keto Peanut Butter Bars
60511,Instant Pot® Spicy Butternut Squash Soup
60570,Oven-Baked Beef Tagliata
60572,Air Fryer Peel-and-Eat Shrimp from Frozen
60575,Instant Pot® Keto Chicken and Kale Stew
60592,Keto Chocolate-Coconut Mousse
60594,Cajun Chicken Drumsticks
60598,Bacon and Cheese Fat Bombs
61457,Thin-Crust Fathead Pizza Dough
61461,Ketogenic Bread
61515,Iced Lemon Coffee
61519,Instant Pot® Bone Broth with Turmeric and Ginger
61525,Keto Bacon-Wrapped Asparagus with Lemon Aioli
61530,Keto Fathead Pizza with Chorizo and Salsa
61533,Macadamia Fat Bread
61536,Keto Dressing
61541,Keto Barbecue Sauce
61546,Keto Shrimp Scampi with Broccoli Noodles
61571,Keto Vanilla-Cinnamon Cookies
61575,Keto Lemon Bars
61581,Lazy Keto Maple-Vanilla Mug Cake
61583,Lemon-Garlic Zucchini Noodles
61587,Bacon and Gruyere Sous Vide Egg Bites
61589,Easy Keto Taco Salad Bowl for 2
61592,Chaffle Pepperoni Pizzas
61596,Four-Cheese Fathead Pizza Dough
61599,Keto Cauliflower Spanish Rice
61605,Instant Pot® Chicken Breast (from Fresh or Frozen)
61607,Keto Philly Cheesesteak Pizza
61609,Keto Mushroom and Bok Choy Stir-Fry
61611,5-Ingredient Keto and Vegan Chocolate Almond Balls
61613,Cheesy Cauliflower Risotto with Bacon
61623,Asparagus-Spinach-Artichoke Casserole
61630,Sweet and Spicy Baked Keto Chicken Wings
61632,Keto Flappers
61634,Keto Coconut Shrimp
61680,Low-Carb Taco Soup
61685,Sweet Heat Chicken Wings
61687,Classic Pub Goulash (Keto)
61691,Keto Chorizo-Stuffed Peppers
61694,Instant Pot® Kalua Pig (Quick Hawaiian Pulled Pork)
61697,Instant Pot® Chicken Breasts
61700,Keto No-Churn Strawberry Ice Cream
61705,Keto Pumpkin Pie
61712,Parmesan-Garlic Keto Chicken Wings
61714,Instant Pot® Easy Chicken Marsala
61719,Keto Spaghetti Squash Carbonara
61727,Keto Avocado Dessert
61739,Keto Buffalo Chicken Omelette
61846,Instant Pot® Gyros
61848,"Keto Creamy Spinach, Mushroom, and Tomato Risotto"
61851,Low-Carb Keto Lasagna
61856,Instant Pot® Southern-Style Green Beans from a Can
61858,Keto Sheet Pan Chicken Dinner
61862,Air Fryer Souffle Egg Cups
61864,Instant Pot® Paleo and Keto Egg Shakshuka with Kale
61867,Homemade Mexican Chorizo
61869,Keto Turkey Meatballs with Sour Cream-Horseradish Dip
61871,"Fish Tacos in Lettuce ""Shells"""
61877,Sun-Dried Tomato and Goat Cheese Sous Vide Egg Bites
61881,Cauliflower Tabbouleh
62031,NSNG Keto Salmon Patties
62034,Spicy Chile Chicken Fritters
62037,Instant Pot® Keto Thai Chicken Soup (Tom Kha Gai)
62044,Keto Chocolate Smoothie
62048,Vegan Keto Lemon Fat Bombs
62050,Keto Cabbage Beef Stew
62052,Simple Zucchini Chips
62056,Vegan Keto-Friendly Thai Yellow Curry
62058,Easy Vegan Cauliflower Alfredo Sauce
62060,Keto Caldo Verde with Chorizo
62065,Keto Za'atar Buns
62067,"Crispy, Spicy Cauliflower Pancakes"
62072,"Dreamy, Creamy Cauliflower Tortillas"
62078,Keto Peanut Butter Chocolate Chip Cookies
62274,Simple Broiled Chicken Breasts
62276,Everything Bagel Chaffle with Smoked Salmon Cream Cheese
62281,Basic Ketosher Omelette
62283,"Aunt Rocky's Magic Dough (Gluten-Free, Grain-Free)"
62287,Tarragon-Honey Mustard Deviled Eggs
62289,Low-Carb Paleo and Dairy-Free Coconut Dirty Chai Latte for Two
62291,Keto Butternut Squash and Fennel Soup
62293,Instant Pot® Keto Pumpkin Soup with Sausage
63018,Irish Boxty
63109,Baked Butternut Squash
63208,"Red, White, and Blueberry Fruit Salad"
63260,Lemon-Orange Orange Roughy
63355,Healthy Turmeric Chicken Stew
63402,Egg Bites
63410,Tomato and Avocado Salad
63490,Asian Coconut Rice
63588,Traditional Gyro Meat
63688,Easy Authentic Mexican Rice
63789,Honey Dijon Brussels Sprouts
63881,Oven-Baked Potato Slices
63891,Chef John's Perfect Mashed Potatoes
63992,Easy Garlic Kale
64058,Buttered-Braised Cabbage
64073,Dry Onion Soup Mix
64174,Lime Cilantro Rice
65532,Sauteed Garlic Asparagus
65630,Beet Salad with Goat Cheese
65731,Crispy Rosemary Chicken and Fries
65831,Slow Cooker Baked Potatoes
65931,Baked Salmon in Foil
65954,The Irish Potatoes
65978,Oven-Baked Potato Fries
66006,Pinakbet
66024,Sauteed Apples
66123,Garlic Shrimp Linguine
66213,Roasted Romanesco
66238,Lemon Garlic Tilapia
66338,Filet Mignon with Rich Balsamic Glaze
66436,Boiled Chicken
66532,Campfire Foil Packs
68927,Easiest Asparagus Recipe
69028,Baked French Fries I
69118,Pan Fried Brussels Sprouts
69193,Balsamic Chicken
69294,Parchment Baked Salmon
69358,Honey Garlic Chicken with Rosemary
69459,Crispy Baked Chicken Thighs
69559,Avocado Salad
69658,Tri Tip Roast
69703,Greek Chicken
69799,Skewered Grilled Potatoes
69900,Overnight Oats Blueberry Smoothie Bowl
69913,Kofta Kebabs
70014,Very Easy Mushroom Barley Soup
70115,Olive Oil Roasted Eggplant with Lemon
70216,Sauteed Sweet Plantains (Tajaditas Dulces de Platano)
73997,Broiled Spanish Mackerel
74015,Easy Apple Coleslaw
74108,German Schwenkbraten
74127,Sweet and Spicy Sweet Potatoes
74228,Baked Slow Cooker Chicken
74321,Maple and Brown Sugar Oatmeal
74340,"Slow Cooker Green Beans, Ham and Potatoes"
74436,Air Fryer Apricot-Glazed Chicken Breasts
74439,Maple Glazed Carrots
74488,Simple Lemon-Herb Chicken
74580,Heirloom Tomato Salad with Rosemary
74618,Slow-Cooked Pork Tenderloin
74627,Sarah's Ambrosia Fruit Salad
74663,How to Make Roasted Red Potatoes
74743,Thai Chicken Cabbage Soup
74841,Campfire Baked Potatoes
74861,French Toast Sticks
74863,Slow Cooker Lengua (Beef Tongue)
74886,Megan's Granola
74987,Easy Broccoli Bacon Salad
75043,Halushki
75098,V's Fried Mashed Potatoes
75107,Easy Roasted Cabbage
75133,Banana Nut Oatmeal
75172,Baked Broccoli
75273,Pork Chops with Apple Cider Glaze
75373,"Chicken Salad with Apples, Grapes, and Walnuts"
75431,Brown Sugar and Pineapple Glazed Ham
75464,Skillet Apples with Cinnamon
75497,Easy Microwave Poached Eggs
75511,Red Cabbage Slaw
75571,Fried Chicken
75633,Easy Leg of Lamb
75660,Split Pea and Ham Soup I
75760,Classic Vichyssoise
75812,Fried Cabbage II
76819,Easy Lemon and Garlic Broccoli
76888,Holiday Ambrosia Salad
76905,Sauteed Cherry Tomatoes with Garlic and Basil
76984,Adrienne's Cucumber Salad
77079,Roasted Asparagus with Balsamic Vinegar
77130,Roast Chicken with Rosemary
77221,Southern Fried Chicken
77321,Summer Fresh Fruit Salad
77327,Better than Cracker Barrel® Chicken 'n Dumplings
77357,Sauteed Radishes
77457,Patty's Mashed Turnips
77523,Garlic Herb Skillet Potatoes
77554,Spanish Potato Omelet
77651,Scott Ure's Clams And Garlic
77750,Fried Asparagus Sticks
77768,Scrambled Eggs in a Mug
77793,Scalloped Potatoes II
79875,Instant Pot® Frozen Salmon
79902,Very Easy Fruit Salad
79994,Orange Glazed Carrots
80090,Navy Bean Soup with Ham
80180,Turkey a la King
80276,Pan Seared Red Snapper
80373,Spicy Tuna Rolls
80375,Lamb Chops with Balsamic Reduction
80471,Hawaiian Cole Slaw
80566,Instant Pot® Steel-Cut Oats
80578,Roast Pheasant
80588,Steamed Cabbage
80590,Caramel Apple Pork Chops
80688,Beef and Barley Soup III
80775,Roasted Cabbage Wedges
80778,Lamb Shank
80783,Baked Eggplant
80883,Overnight Coconut Pecan Steel Cut Oats
80936,Authentic Hungarian Goulash
80981,Chef John's Ranch Dressing
84273,Herb Roasted Pork Loin and Potatoes
84373,Creamy Mushroom Soup
84464,Coconut Jasmine Rice
84507,Tofu Burgers
84546,Red Cabbage With Apricots And Balsamic Vinegar
84580,Foolproof Poached Eggs
84585,Easy Potato Pancakes
84682,Easy Chicken Curry
84763,Lemon Cream Pasta with Chicken
84862,Cindy's Coleslaw
84963,Chicken Curry and Potatoes
84985,Slow Cooker Oats
85086,Easy Garlic and Rosemary Chicken
85180,Filipino Lumpia
85215,Susan's Vinaigrette Coleslaw
85284,Balsamic Grilled Zucchini
85385,Apple Breakfast (Easy Slow Cooker Oatmeal)
85397,Potatoes and Peppers
85457,Turkey Salad
85554,Mizeria (Polish Cucumber Salad)
85613,Berry Overnight Oats
85628,Easy Maple Pork Chops
85691,Catherine's Sirloin Tip Roast
90457,Artichokes
90550,Baked Za'atar Chicken Thighs
90555,Sweet Coconut Rice
90578,Grilled Corn on the Cob
90679,Bionicos (Mexican Fruit Bowls)
90682,Instant Pot® Pork Tenderloin
90690,Chicken Broth in a Slow Cooker
90786,Roasted Acorn Squash Soup
90886,Homemade Pureed Sweet Potato Baby Food
90890,Creamed Peas and New Potatoes
90975,Rosemary Pork Roast
91064,Summer Grilled Cabbage
91115,Sarah's Knish
91144,Quick and Easy Grilled Potatoes
91245,Fried Sweet Potatoes
91324,Coconut Lime Rice
91425,Lemon-Glazed Carrots
91445,Broccoli with Lemon Butter Sauce
91544,Honey Ginger Carrots
91642,Ramen Cabbage Salad
91741,Green Beans Almondine
91745,Crock Pot or Slow Cooked Flank Steak
91765,"Sheet Pan Ground Beef, Potato, and Carrot Dinner"
91854,Sweetbreads
91869,Chicken and Peppers with Balsamic Vinegar
91969,Easy Roasted Pork
92064,Paleo Pecan-Maple Salmon
92125,Fried Broccoli
92225,Garlic Shrimp Kabobs
92239,Cream Cheese Fruit Salad
92271,Lemon Pepper Cod
92366,Pearl Couscous Salad
92384,Parmesan-Roasted Tomatoes
92396,Green Banana Fries
92450,Southern Apple Tuna Salad
92489,Jewish Grandma's Best Beef Brisket
92533,Stovetop Candied Sweet Potatoes
92628,Maria's Broccoli Rabe
92728,Garlic Butter Acorn Squash
92764,Jenny's Grilled Chicken Breasts
93963,Dijon Roasted Potatoes
93984,Roasted Garden Tomato Basil Soup
93993,Pumpkin Fritters
94044,Fruit Salad for Easter Sunday
94049,Slow Cooker Turkey Legs
94131,Honey Nut Granola
94222,Crunchy Sugar-Free Granola
94229,Potato and Cheese Pierogi
94276,Healthier Marie's Easy Slow Cooker Pot Roast
94303,Honey-Balsamic Chicken
94404,The Best Steamed Asparagus
94466,Smoked Pork Butt
94504,Barbacoa
94525,Cucumbers in Sour Cream
94625,Goan Pork Vindaloo
94637,Honey Roasted Red Potatoes
94732,Mexican Street Corn
94737,Yuca French Fries
96668,Fried Soft-Shell Crab
96701,Fabulous Cilantro Pesto
96794,Balsamic-Glazed Brussels Sprouts
96874,"Lemon Dill Salmon with Garlic, White Wine, and Butter Sauce"
96898,California Roll Sushi
96946,Bramboracky (Czech Savory Potato Pancakes)
96971,Chicken Stock
97058,Alaskan Cod and Shrimp with Fresh Tomato
97159,The RIGHT WAY To Cook Greens!
97185,Balsamic Glazed Carrots
97282,Grilled Leg of Lamb Steaks
97292,Easy Coleslaw
97324,Baked Tilapia in Garlic and Olive Oil
97415,Lemon Butter Herb Pasta
97474,Pineapple and Apricot Skillet Chicken
97493,Marinated Flat Iron Steak
97561,Slow Cooker Oatmeal
97661,Lime-Marinated Mahi Mahi
100763,Stovetop Granola
100863,Maple Pecan Granola
100905,Easy Apple Cabbage Slaw
100923,Roasted Tomatoes with Garlic
101024,Coconut Curry Cabbage
101052,Cretons
101090,Quinoa with Veggies
101190,Sweet Coconut Oatmeal
101200,Fast Chicken Soup Base
101301,Turkey Kofta Kabobs
101307,Roasted Vegetables for a Crowd
101309,Saffron Rice
101387,Steamed Zucchini
101440,"Roasted Butternut Squash with Onions, Spinach, and Craisins®"
101489,Dashi Stock (Konbudashi)
101500,Chili-Lime Chicken Kabobs
101597,Fabulous Roasted Cauliflower Soup
101697,Lemon Thyme Chicken Tenders
101767,Tuna Salad With Fresh Dill
101848,Steamed Broccoli
105962,Overnight Muesli
105964,Gujarati Kadhi
105970,Grilled Chicken with Herbs
106065,Garlic Salmon
106158,Pan-Fried Salmon
106160,Pork Souvlaki
106164,Truly Delicious Brussels Sprouts
106264,Irish Steaks
106323,Angel's Cabbage Salad
106344,Garlic Roasted Broccoli
106371,Roasted Radishes
106407,Baked Acorn Squash
106504,Green Bean Soup
106540,Sinigang na Bangus (Filipino Milkfish in Tamarind Broth)
106542,Paprika Chicken
106558,Real Hungarian Goulash (No Tomato Paste Here)
106626,Apple Stuffed Chicken Breast
106715,Green Onion Cakes
106776,Stir Fried Pasta with Veggies
106827,Chicken Bouillon Rice
106865,Garlic Penne Pasta
106942,Mamacita's Mexican Rice
107004,Air Fryer Spicy Dill Pickle Fries
107010,Teriyaki and Pineapple Chicken
107110,Buffalo Chicken Fingers
107204,Creamy Mushroom Risotto
107241,Rice Cooker Spanish Rice
107251,Hard Rock Candy
107338,Garlic Rice
107407,Mom's Sushi Rice
107508,Honey Soy Tilapia
107609,Eggplant Pasta
107627,Cilantro-Lime Rice
108680,Instant Pot® Cuban-Style Black Beans
108702,Garam Masala Chicken
108721,Easy Curry Rice
108739,Spicy Chili French Fries
108792,Spanish Rice
108882,Habichuelas Guisadas
108944,Blackened Tilapia
109044,Dave's Mexican Veggie Tacos
109074,Rice & Beans (Haitian Style)
109157,Spaghetti With Marinara Sauce
109255,Tteokbokki (Korean Spicy Rice Cakes)
109257,Dry Red Beans in the Instant Pot®
109259,Sicilian Spaghetti
110972,Sweet and Sour Dipping Sauce
111068,Air Fryer Soy-Ginger Shishito Peppers
111074,Marinated Scallops Wrapped in Bacon
111175,Crystallized or Candied Ginger
111189,Grilled Cilantro Salmon
111288,Ziti with Tomato-Pesto Sauce
111311,Lengenberg's Boiled Potatoes
111331,Tequila-Lime Pork Tenderloin
111373,Best Balsamic Marinated Pork Tenderloin
111380,Fun Finger Gelatin
111393,Banh-Mi Style Vietnamese Baguette
111423,Spicy Baked Beans
111441,Simple Baked Rice
111461,Calabacita con Puerco (Pork with Squash)
111466,Fresh Mango Salsa
111547,Easy Spanish Rice
113774,4-Bean Baked Beans
113820,Emily's Famous Marshmallows
113917,Basic Cheese Pupusas
113921,Amazing Banana Sorbet
113964,Chocolate Pudding Cake II
114055,Linguine with White Clam Sauce I
114148,Secret Salsa
114156,Lemon Sorbet
114255,Cranberry Salsa
114356,Easy Tasty Ham Steaks with Maple Glaze For 2
114384,Quick Tuna Casserole
114480,Old Fashioned Hard Candy
114516,Simple Fried Morel Mushrooms
114534,Peppermint Meringues
114632,Garlic Potatoes
114665,Savory Sweet Potato Fries
117888,Biryani with Yogurt Marinated Chicken
117901,Spanish Brown Rice
117930,Slow Cooker Spaghetti Squash
117990,Popcorn Cauliflower
118022,Angel Food Cupcakes
118087,Thanksgiving Yams
118105,Easy Fish Tacos with Mango-Pineapple Slaw
118157,Roasted Sweet Potatoes & Onions
118254,Pepper Jelly Pork
118289,Middle Eastern White Beans
118306,Ground Turkey Burritos That Will Fool Your Kids
118309,Air Fryer Buffalo-Ranch Chickpeas
118313,Habanero Salsa
118356,Old-Fashioned Homemade Hard Candy
118403,Cola Beans
118453,Dad's Kentucky Home Fries
118497,Pickled Daikon Radish and Carrot
118525,Pork Chop Packs
118567,"Pasta with Scallops, Zucchini, and Tomatoes"
118660,Spicy Sausage and Peppers Over Rice
118676,Air Fryer Roasted Bananas
118680,Microwave Mochi
118737,Air Fryer French Fries
118748,Brazilian Grilled Pineapple
118813,Instant Pot® Pinto Beans (No Soaking)
118824,Frozen Vegetable Stir-Fry
118925,Easy Baked Ham Steaks
118974,Fideo
119045,Delicious Cinnamon Baked Apples
119118,Penne with Chicken and Asparagus
119217,Hard Candy
119316,Maria's Mexican Rice
119417,Candied Lemon Peel
119489,Spicy Szechuan Green Beans
119529,Lemon Asparagus Risotto
119630,Tomatillo Salsa Verde
119730,Clean Banana Oat Cookies
119811,Macaron (French Macaroon)
121148,Country Style Green Beans with Red Potatoes
121174,Fiesta Slow Cooker Shredded Chicken Tacos
121274,Baked Beans from Scratch
121374,Smoked Fish Dip
121444,Mushroom Rice
121544,Simple Baked Beans
121637,Ladyfingers
121736,Sushi Roll
121830,"Heather's Cilantro, Black Bean, and Corn Salsa"
121930,Navajo Fry Bread II
122000,Maple Syrup Taffy
122016,Pork Lo Mein
122117,Slow Cooker Homemade Beans
122216,Broccoli Beef I
122306,Cajun Baked French Fries
122341,Macarons
122372,All Natural Ramen Noodles
122383,Mexican Tomato-Flavored Rice
122454,Better Spanish Rice
122495,Fresh Homemade Salsa
122520,Chicken and Rice
125246,Air Fryer Sweet Potato Hash
125260,Sweet Potato Casserole II
125355,Onigiri - Japanese Rice Balls
125391,Salt and Pepper Skillet Fries
125420,Easy Chicken and Yellow Rice
125462,Cuban-Style Yuca
125515,First Baby Food: Peas
125519,Easy Pressure Cooker Potatoes
125521,Apple Pie Filling
125617,Air Fryer Brussels Sprouts
125635,Thai Spicy Basil Chicken Fried Rice
125735,Pork Chop and Cabbage Casserole
125829,Easy Corn Salsa
125873,Cindy's Yellow Rice
125974,Bavarian Sauerkraut
126028,Air Fryer Oreos®
129515,Snow Ice Cream II
129610,Amazing Oven Roasted Potatoes
129642,Indian Spiced Onions
129650,The Best Canning Salsa
129688,Easy Roasted Peppers
129748,Copycat Chipotle® Cilantro-Lime Brown Rice
129811,Easy Slow Cooker Salsa Chicken
129820,Sweet Zucchini Relish
129921,Fruit Cocktail Cake
129996,Homemade Sauerkraut
130047,Apple Chips
130118,Flavorful Beef Stir-Fry
130219,Flavorful Spanish Rice and Beans
130231,Vanilla Frozen Yogurt
130254,Garlic Chicken Fried Brown Rice
130355,Mike's Homemade Pizza
130449,Puerto Rican Steamed Rice
130505,Potato Dumplings
130523,Pierogi Dough
130584,Working Mom's Hamentashen
130639,Afghani Kabli Pulao
130644,Healthier Oven Roasted Potatoes
130745,Coffee Jelly
130785,Egg Fried Rice
130874,Quick and Easy Spanish Rice
130913,Slow Cooker Moroccan Chicken
131011,Jap Chae Korean Glass Noodles
131031,Quick Chinese-Style Vermicelli (Rice Noodles)
131130,Warm Berry Compote
131143,Garlic Chicken with Orzo Noodles
131244,No Sugar Oatmeal Cookies
131343,Yakisoba Chicken
131438,Authentic French Meringues
131534,Canned Apple Pie Filling
131634,Baked Yam Fries with Dip
131683,Slow Cooker Ham and Beans
131784,Rice Cooker Rice Pudding
131824,Baked Beans II
133246,Steamed Broccoli and Carrots with Lemon
133260,Grilled Chicken Burgers
133360,Arroz Rojo (Mexican Red Rice)
133423,Almond Milk Instant Pudding
133430,Instant Pot® Brown Rice
133433,Japanese Beef Stir-Fry
133530,Striker's Potatoes O'Brien
133559,French Macaroons
133624,Chicken and Broccoli Pasta
133716,Better Baked Beans
133757,Cuban-Style Yellow Rice
133776,Chinese Broccoli
133828,Easy Sweet Potato Casserole
135799,Fresh Pineapple Salsa
135808,Sweet Bell Pepper Rice
135843,Pat's Baked Beans
135938,Perfectly Dry Roasted Chickpeas
135948,Tex-Mex Air Fryer Hash Browns
135951,Fortune Cookies I
136040,Wonderful Banana Cake
136137,Cherry Angel Food Cake
136159,Baked Beans I
136225,Chicken Yakisoba
136325,Homemade Dumplings
136343,Ex-Girlfriend's Mom's Salsa Fresca (Pico de Gallo)
136443,Applesauce
136542,Potatoes and Carrots
136575,Turkey Veggie Meatloaf Cups
136676,Irish Barmbrack
136706,Smoked Salmon Sushi Roll
136775,Brazilian White Rice
139893,Traditional Springerle
139917,Unsloppy Joes
140011,Cod with Italian Crumb Topping
140107,Cinnamon Apples
140132,Pressure Cooker Black Beans
140158,Slow Cooker Baked Beans Using Canned Beans
140213,My Favorite Sesame Noodles
140314,Japanese Pan Noodles
140323,"""Spa""ctacular Frozen Grapes"
140361,Mexican Rice III
140459,Mini Meringues
140507,Moroccan Couscous
140605,Rajma (Kidney Bean Curry)
140647,Linnie's Spanish Rice
140741,Boneless Chicken Cacciatore
140744,Air Fryer Potato Chips
140746,Egyptian Koshary
140770,Penne Pasta with Peppers
144715,Air Fryer Crispy Fish Tacos with Slaw
144719,Snow Cone Syrup II
144809,Crispy Air Fryer Cod
144814,Microwave Corn-on-the-Cob in the Husk
144848,Salsa Chicken Burrito Filling
144943,Onion Rice
145041,Judy's Sauerkraut
145050,Baked Apple Slices
145078,Amatriciana
145175,Seasoned Baked Potato Wedges
145229,Angel Food Cake III
145313,D's Famous Salsa
145402,Yummy Korean Glass Noodles (Jap Chae)
145429,Hearty Vegan Slow-Cooker Chili
145530,Oatmeal Crackers
145557,Spanish Rice II
145656,Salsa
145753,Plum Sauce
145806,Vegan Split Pea Soup I
145900,Japanese-Style Pickled Cucumber (Sunomono)
145906,Grilled Portobello Mushrooms
145995,Insanely Easy Vegetarian Chili
146092,Air Fryer Corn Nuts
146101,Basic Seitan - Wheat Meat (Vegan Meat Substitute)
146162,Air Fryer Roasted Cauliflower
146187,Crispy Baby Potatoes
146192,Quick Asparagus Stir-Fry
146196,Healthy Banana Cookies
146284,Meyer Lemon Avocado Toast
146324,Spicy Vegan Potato Curry
146425,Best Ever Split Pea
146518,Black Bean Hummus
146616,Tofu Salad
146691,Taco Slaw
146748,Dairy-Free Vanilla Frosting
146759,Kale and Banana Smoothie
146858,Traditional Kimchi
146861,Sheet Pan Breakfast Potatoes
146867,Bread and Butter Pickles II
146963,Air Fryer Seasoned Breakfast Potatoes
146966,Grilled Soy-Sesame Asparagus
147058,Ukrainian Salat Vinaigrette (Beet Salad)
147108,Roasted Beets 'n' Sweets
147205,Baked Spaghetti Squash
147207,Homemade Refrigerator Pickles
147300,Homemade Spaghetti Sauce
147353,Japanese-Style Sesame Green Beans
147451,Air Fryer Pakoras
147454,Blueberry Smoothie Bowl
147471,Slow Cooker Mediterranean Lentil Stew
147474,Enoki Mushrooms
147478,Sauerkraut Salad
147566,Egg-free Brownies
147649,Homemade Stewed Tomatoes
147667,Air-Fried Kale Chips
147669,Vegan Bean Taco Filling
147769,Quinoa Tabbouleh
147868,Spicy Vietnamese Quick Pickled Vegetables
147871,Moroccan Lentil Soup
147964,Garlic Teriyaki Edamame
148039,Celery and Carrot Soup
148072,Dirty Rice
148151,"Roasted Cauliflower ""Rice"""
148198,Dolmas (Stuffed Grape Leaves)
148226,Coconut Date Bars
148284,Hummus III
148379,Mediterranean Lentil Salad
148471,Savannah's Best Marinated Portobello Mushrooms
148555,Extra Easy Hummus
148651,Marinara Sauce
148750,Coleslaw
148839,Instant Pot® Roasted Brussels Sprouts
148882,Ta'ameya (Egyptian Falafel)
148892,Air Fryer Roasted Pineapple
148894,Easy Roasted Cauliflower
148908,Sesame Noodle Salad
149009,LuvAnn's Guacamole
149102,Ultimate Tofu Breakfast Burrito Bowls
149139,Russian Black Bread
149229,Strawberries with Balsamic Vinegar
149326,Copper Penny
149365,Easy Roasted Red Pepper Hummus
149459,Marinated Veggies
149545,Mint Chutney
149582,Spicy Black Bean Vegetable Soup
149671,Great Northern Bean Soup
149730,Mom's Cucumbers
149823,Vinegar Pickled Carrots
149860,Spicy Asian Ramen Noodles
149863,Roasted Zucchini
149865,Samoan Panikeke
149914,Vegan Meringues
149936,Oven Fries
150033,Air Fryer Polenta Fries
150035,No-Sugar Three Bean Salad
150134,Hot Apple Cider
150226,Greek Green Beans
150324,Marrakesh Vegetable Curry
150417,Sauerkraut for Canning
150434,Easy Sheet Pan Roasted Cauliflower with Curry
150437,Grilled Yellow Squash
150534,All-Fruit Smoothies
150572,Tofu Stir-Fry with Peanut Sauce (Vegan)
150624,Vegan Black Bean and Sweet Potato Salad
150680,Vegetarian Chickpea Tacos
150684,Oven-Roasted Brussels Sprouts with Garlic
150687,Quinoa with Chickpeas and Tomatoes
150786,Sugar Snap Peas
150887,Tomato Cucumber Salad
150983,Indian Fried Cabbage
150988,Easy Tomato Sauce
151032,Roasted Garlic
151123,Candied Apples II
151210,Ashure
151215,Instant Pot® Garlic Roasted Potatoes
151244,Light and Easy Greek Potato Salad
151297,Chickpea Salad with Red Onion and Tomato
151391,Healthy Chocolate Pudding
151412,Almond Berry Smoothie
151445,Easy Bruschetta
151476,Chunky Vegetarian Vegetable Soup (Fast and Easy)
151555,Amazing Healthy Dark Chocolate
151620,Wilted Spinach
151720,Blackberry Compote
151723,Cucumber Sunomono
151817,Green Bean Curry
151843,Aloo Matar
151932,Baked Vegetables I
152009,Traditional Style Vegan Shepherd's Pie
152110,Balsamic Vinaigrette
152202,Instant Pot® Spicy Black Bean Soup (Vegan)
152224,Oven-Roasted Carrots
152227,Authentic Taralli
152233,Slow-Cooked Garlic Confit
152235,Chili Seasoning Mix I
152264,Mexican Black Beans and Rice
152266,Perfect Vegan Sugar Cookies
152277,Chinese Green Bean Stir-Fry
152343,Fresh Tomato Salsa
152435,Vegan Broccoli Soup
152535,Jersey Fresh Stewed Tomatoes
152548,Vegetarian Gravy
152636,Jasmine Rice
152729,Roasted Sweet Potato Quinoa Salad
152768,Southwestern Pasta Salad
152864,Light Oat Bread
152956,"Jackfruit Pulled ""Pork"""
152967,Vegan Lasagna I
153060,Crazy Creamy Chickpea Curry
153148,Basic Spicy Tomato Sauce
153192,Avocado Toast (Vegan)
153289,Corn and Black Bean Salad
153378,Vegetarian Sheet Pan Dinner with Chickpeas and Veggies
153388,Baked Onion Bhajis
153390,Dairy-Free Scalloped Potatoes
153393,Country Style Fried Potatoes
153491,"Roasted Asparagus, Zucchini, and Tomatoes"
153494,Zesty Marinated Asparagus
153545,Jen's Fresh and Spicy Salsa
153637,Carrot Rice
153731,Quick Pickled Radishes
153737,Flax Seed Smoothie
153752,Four Bean Salad
153766,Baba Ghanoush
153856,Jalapeno Hummus
153955,Instant Pot® Quick and Easy Spaghetti Sauce
153961,Super Easy Rosemary Bread Machine Bread
154062,Quick and Easy Baked Asparagus
154065,Lentils And Spinach
154157,Lavender Lemonade
154180,Fried Onion Rings
154272,Air Fryer Tofu
154275,Moroccan Chickpea Stew
154338,Chocolate Coconut Overnight Oats
154355,Air Fryer Onion Bhaji
154357,Couscous with Olives and Sun-Dried Tomato
154392,Butternut Vegetable Soup
154451,Pickled Garlic
154479,Moong Dal
154541,No Bake Chocolate Oatmeal Cookies
154634,Cheesy Kale Chips
154692,Curried Carrot Soup
154774,Vegan Chickpea Curry without Coconut Milk
154777,Quinoa and Black Bean Chili
154877,Basmati Rice
154950,Sauteed Green Beans with Onion
154952,Chilean Pebre Sauce
154958,Harvard Beets
155059,Instant Pot® Refried Beans
155068,Balela Salad
155163,Thai Rice Noodle Salad
155194,Green Bean and Potato Salad
155293,Roasted Garlic without Foil
155386,Sauteed Asparagus
155394,Classic Texas Caviar
155494,Vegetarian Sushi
155500,Sweet and Sour Sauce II
155596,Gazpacho
155696,"Easy Vegan Sheet Pan Roasted Cauliflower, Tomatoes, and Garbanzo Beans"
155762,Spicy Indian Dahl
155849,Old-Fashioned Three Bean Salad
155942,Creamy Vegan Pasta Salad
155944,Gluten Free Banana Bread
156044,Vegan Red Lentil Soup
156143,Ants on a Log
156229,Cherry Tomato Salad
156313,Mujadarra (Lentils with Rice)
156325,Crispy Fried Tofu
156336,Glazed Carrots Asian Style
156354,Whipped Coconut Cream (Vegan Whipped Cream)
156397,Raw Fermented Beets
156399,Indian Vegetable Bhaji
156437,Cinnamon Syrup
156537,Vegan Black Bean Quesadillas
156595,"ABC Pudding - Avocado, Banana, Chocolate Delight"
156657,Spicy Bean Salsa
156754,Rice Paper Fake Bacon
156761,Black Beans
156829,Ginger Marmalade
156846,Bryan's Spicy Red Lentil Soup
156926,Roasted Tomato Salsa I
157018,Aloo Gobi
157064,Delicious Lentil Loaf
157096,Greek Lemon Potatoes
157100,Zucchini Saute
157191,Okra Gumbo
157228,Vegan Crepes
157304,Veggie Quinoa
157346,Vegan Brown Gravy
157348,Crispy Sweet Potato Wedges
157351,Rice Cooker Black Beans
157354,Eggplant Mixed Grill
157439,Mangu
157454,Grandma Maggio's Spaghetti Sauce
157555,Oatmeal Breakfast Muffins
157557,Spiced Air-Fried Chickpeas
157564,Marinara Dipping Sauce
157586,"Tomato, Corn and Avocado Salsa"
157687,Tabbouleh I
157762,Slow Cooker Vegan Leek and Potato Soup
157769,Blueberry Chia Pudding with Almond Milk
157776,Sheet Pan Roasted Mediterranean Vegetables
157786,Vinaigrette
157873,Basic Marinara for the Instant Pot®
157884,Anne's Amazing Roasted Green Beans
157888,Kettle Corn
157980,Mashed Sweet Potatoes
158078,Air Fryer Roasted Asparagus
158082,Squash Casserole
158180,Authentic Mexican Chili Rellenos
158280,French Spring Soup
158374,Crustless Spinach Quiche
158473,Spanakopita (Greek Spinach Pie)
158564,Mushrooms and Spinach Italian Style
158664,Quick and Easy Refried Beans
158764,German Potato Pancakes
158855,Oven Roasted Potatoes
158955,Churros
159044,Black Beans and Rice
159139,That Zucchini Spaghetti Stanley Tucci Loves (Spaghetti alla Nerano)
159147,Broccoli Casserole
159239,Spinach Quiche
159332,Peanut Butter Pie
159424,The Best Vegetarian Chili in the World
159521,Best Spinach Dip Ever
159612,Cauliflower and Broccoli Bake
159709,Mexican Bean Salad
159804,Turkish Eggs (Cilbir)
159828,Roasted Chickpeas
159928,Best Fried Green Tomatoes
160022,Quick Yeast Rolls
160121,Microwave Corn on the Cob
160222,Springtime Spaghetti
160320,Homemade Four Cheese Ravioli
160420,Best Green Bean Casserole
160512,Quick and Easy Yorkshire Pudding
160604,Easy Pizza Sauce I
160692,Corn Fritters
160784,Stuffed Shells III
160883,Stuffed Eggplant Parmesan Rolls
160950,Steakhouse Potatoes Romanoff
161004,German Apple Cake I
161102,Overnight Asparagus Mushroom Strata
161202,Loaded Vegetarian Quiche
161302,Red Lobster® Cheddar Biscuits
161401,Shoepeg Corn Casserole
161496,Superfast Asparagus
161597,Roasted Vegetables
161693,Creamed Cooked Cabbage
161728,Best Marinara Sauce Yet
161826,Three Bean Salad
161919,Yummy Sweet Potato Casserole
162016,Broccoli Cheese Bake
162111,Strawberry Oatmeal Breakfast Smoothie
162200,Baked Sweet Potatoes
162295,California Melt
162396,Roasted Lemon Pasta
162398,Air-Fried Sweet Potato Fries
162429,Roasted Garlic Cauliflower
162527,Easy Cauliflower Gratin
162529,Japanese-Style Cabbage Salad
162569,Eggplant Parmesan II
162664,Emily's Excellent Taco Casserole
162763,Zucchini Patties
162859,Zesty Quinoa Salad
162960,Nacho Cheese Sauce
163055,Grandma Jeanette's Amazing German Red Cabbage
163155,Taco Dip I
163244,Baby Spinach Omelet
163342,Easy Fried Eggplant
163435,Garlic Butter Sauce I
163524,Veggie Pizza
163621,Spinach and Banana Power Smoothie
163682,Spaghetti Sauce with Fresh Tomatoes
163769,Air Fryer Baked Potatoes
163808,Broccoli Potato Bake
163887,Angie's Dad's Best Cabbage Coleslaw
163978,Easy Broccoli Quiche
164073,Roasted Garlic Lemon Broccoli
164171,How to Make Pico de Gallo
164266,Portobello Mushroom Burgers
164362,Sweet Chili Thai Sauce
164462,Chili Rellenos Casserole
164558,Garlic Mashed Potatoes
164649,Baked Macaroni and Cheese
164742,Black Bean and Corn Salad II
164838,Irish Champ
164939,Roasted Asparagus and Mushrooms
165038,Simple Artichoke Dip
165131,Roast Potatoes
165226,Homemade Black Bean Veggie Burgers
165326,Poor Man's Sandwich
165420,Vegan Brownies
165520,Basic Vegetable Stock
165615,Great Garlic Bread
165708,Tomato Basil Penne Pasta
165809,Spinach Lasagna III
165903,Oven Roasted Red Potatoes and Asparagus
166001,Spinach and Strawberry Salad
166093,Acorn Squash
166188,Braised Cabbage
166204,Quinoa and Black Beans
166300,Chia Coconut Pudding with Coconut Milk
166344,Chakchouka (Shakshouka)
166445,Artichoke Spinach Lasagna
166542,Microwave Spaghetti Squash
166544,Authentic Saag Paneer
166639,Spinach Enchiladas
166738,Blueberry Crumb Bars
166832,Air Fryer Hasselback Potatoes
166839,Japanese Tamago Egg
166864,Stewed Cabbage
166962,Chana Masala (Savory Indian Chick Peas)
167063,Simple and Delicious Beet Greens
167161,Vegan Banana Muffins
167262,Egg White Breakfast Bites
167277,Ginger Veggie Stir-Fry
167373,Feta Cheese Foldovers
167464,Poppyseed Dressing
167563,Spinach Brownies
167661,Real Hummus
167753,Roasted Garlic-Parmesan Fingerling Potatoes
167781,Suzy's Mashed Red Potatoes
167873,Vegan Cupcakes
167974,Red Lentil Curry
168068,Air Fryer Pasta Chips
168075,Vegan Chocolate Cake
168166,Slow Cooker Creamed Corn
168262,Roasted Cauliflower Soup
168360,Vegan Pancakes
168461,Puerto Rican Tostones (Fried Plantains)
168548,3-Cheese Enchiladas
168584,Spinach Mushroom Quiche
168666,Ricotta Pie (Old Italian Recipe)
168735,Vegetarian Korma
168834,Mom's Favorite Baked Mac and Cheese
168926,Broccoli Casserole II
169002,Disney's Ratatouille
169101,Cheese Lasagna
169190,Asian Coleslaw
169280,Easy Portobello Mushroom Saute
169375,Black Bean Chili
169459,Colcannon
169554,Simple Pasta Salad
169649,Arrabbiata Sauce
169735,Ethiopian Cabbage Dish
169836,Veggie Pot Pie
169930,Vegetarian Chickpea Sandwich Filling
170027,Basic Pasta
170119,Candied Almonds
170220,Vegetarian Mexican Inspired Stuffed Peppers
170318,World's Greatest Vegetable Broth
170413,Rich Pasta for the Poor Kitchen
170511,Spaghetti Squash I
170601,Quinoa Black Bean Burgers
170701,Sugo di Pomodoro (Authentic Italian Tomato Sauce)
170715,Mango Salsa
170807,Light and Fluffy Spinach Quiche
170905,Greek Lentil Soup (Fakes)
171005,Matzah
171058,Vegetable Fried Rice
171158,Mexican Rice and Beans
171162,Air Fryer Fingerling Potatoes
171166,Satay Sauce
171257,Asian Ginger Dressing
171353,The Best Vegetable Salad
171360,Air Fryer Eggplant Parmesan
171392,Cream Cheese Alfredo Sauce
171483,Falafel with Canned Chickpeas
171489,Chef John's Meatless Meatballs
171590,Simple Tomato Soup
171681,Vegan Sweet Potato Chickpea Curry
171705,Homemade Granola with Ginger
171709,Air Fryer Sweet and Spicy Roasted Carrots
171715,Blooming Onion and Dipping Sauce
171805,Classic American-Style Potato Salad
171875,Air Fryer Roasted Broccoli and Cauliflower
171886,Jamie's Cranberry Spinach Salad
171963,Tomato and Garlic Pasta
172055,Simply Roasted Artichokes
172132,Stuffed Peppers My Way
172229,Cherry Crisp
172325,Toasted Garlic Bread
172418,Easy Apple Crisp with Pie Filling
172463,Escarole and Beans
172564,Quick Pasta Sauce
172648,Garlic Red Potatoes
172744,Muesli
172831,Pan Fried Green Beans
172884,Hot Italian Giardiniera
172983,Air Fryer Roasted Okra
172992,Tasty Baked Mac n Cheese
173090,Spaghetti Sauce II
173189,Old-Fashioned Scalloped Corn
173283,Potato Chips
173380,Creamy Pasta Bake with Cherry Tomatoes and Basil
173478,Ukrainian Cabbage Rolls
173523,Chocolate Avocado Pudding
173624,Briam (Greek Baked Zucchini and Potatoes)
173720,Air Fryer Stuffed Mushrooms
173723,Blooming Onion
173790,Green Tomato Relish
173888,Refried Beans Without the Refry
173988,Grilled Garlic Artichokes
174082,Lyonnaise Potatoes
174160,Air Fryer Hard-Boiled Eggs
174181,Spring Roll Dipping Sauce
174274,Homemade Cheddar Cheese Sauce
174277,Greek Orzo Salad
174377,Vegetarian Moussaka
174474,Baked Asparagus with Balsamic Butter Sauce
174575,Air Fryer Ravioli
174578,Transformed Spinach Mushroom Quiche
174678,Rainbow Pasta Salad II
174774,Delicious Black Bean Burritos
174863,Chess Pie
174950,Vegan Black Bean Burgers
175049,Pierogi (Polish Dumplings)
175142,Quick Black Beans and Rice
175232,Carrot Souffle
175325,Annie's Fruit Salsa and Cinnamon Chips
175410,Greek Salad I
175491,Green Shakshuka
175493,Ramen Noodle Soup
175576,Pesto Pizza
175674,Grilled Cauliflower Steaks
175677,St. Louis Toasted Ravioli
175769,Crisp Pickled Green Beans
175870,Black Bean and Corn Quesadillas
175971,Easy Irish Colcannon
176008,Banana Oatmeal Bread
176106,Lo Mein Noodles
176205,Vegan Black Bean Soup
176296,Red Cabbage Salad II
176386,Savoy Cabbage and Mushrooms
176395,Spaghetti Sauce
176493,Sheet Pan Roasted Vegetables
176584,Baked Eggplant Parmesan
176684,Simple Cauliflower Keto Casserole
176741,Cream Peas
176833,Grandma's Slow Cooker Vegetarian Chili
176922,Baked Apples
177011,Sofrito
177086,Green Smoothie Bowl
177092,Air Fryer Artichoke Hearts
177098,Cheesy Scalloped Potatoes
177105,Spinach Cheese Manicotti
177204,Baked Alaska
177256,Three Berry Pie
177351,Red Potato Salad
177451,Garlic-Butter Roasted Mushrooms
177460,Chinese Fried Noodles
177559,Addictive Sweet Potato Burritos
177650,Asparagus with Parmesan Crust
177742,Spiced Up Potatoes
177756,Roasted Vegetable Medley
177855,Egg Roll Wrappers
177911,Chile Rellenos
178004,Portobello Penne Pasta Casserole
178103,Spinach-Ricotta Quiche
178194,Home-Fried Potatoes
178287,Seven Layer Dip II
178375,Three Pepper Pasta Salad
178413,Baked 'Fried' Breaded Eggplant
178417,Chef John's Shakshuka
178518,Chili Seasoning Mix II
178619,Homemade Horseradish
178709,Spinach Rolls with Puff Pastry
178717,Grandma's Noodles II
178815,Dairy Free Chocolate Pudding
178909,Rich and Creamy Tomato Basil Soup
179001,Baked Tofu
179102,Farmer's Market Vegetarian Quesadillas
179202,Chuck's Favorite Mac and Cheese
179299,Ratatouille
179393,Air Fryer Fried Mushrooms
179397,Cornmeal Mush
179459,Creamy White Wine Sauce
179555,Dill Dip III
179653,Italian Rice Balls
179750,Kapusta
179787,Make-Ahead Mashed Potatoes
179881,Broccoli and Onion Casserole
179924,Homemade Lasagna Sheets
179926,Simple Spinach Lasagna
180022,Potato Casserole
180119,Buttery Cooked Carrots
180211,Zucchini and Potato Bake
180310,Brick-Oven Pizza (Brooklyn Style)
180410,Fried Plantains
180504,Pita Pizza
180552,Vegetable Pizza I
180645,Easter Grain Pie
180665,Mexican Layered Dip
180759,Air Fryer Spicy Green Beans
180781,Baked Banana Chips
180790,Mustard Vinaigrette
180882,Instant Pot® Vegan Cabbage Detox Soup
180982,Mushroom Risotto
181066,Creamy Make-Ahead Mashed Potatoes
181143,Baked Scalloped Potatoes
181225,Mediterranean Orzo Salad
181234,Roasted Beets and Carrots with Honey-Balsamic Glaze
181236,Beaker's Vegetable Barley Soup
181330,Macaroni Corn Casserole
181413,Leftover Mashed Potato Pancakes
181422,Refried Bean and Cheese Enchiladas
181456,No Tomato Pasta Sauce
181516,Spiced Sweet Roasted Red Pepper Hummus
181613,Vicki's Hush Puppies
181707,Homemade Tomato Sauce I
181802,Sean's Falafel and Cucumber Sauce
181898,Low Carb Cauliflower Leek Soup
181996,Greek Garbanzo Bean Salad
182092,White Wine and Garlic Dream Cream
182166,Texas Caviar I
182258,Crispy Vegetable Pakoras
182338,Spiced Slow Cooker Applesauce
182438,Corn Tortillas
182537,Parmesan Roasted Cauliflower
182546,Garlic Loves Roasted Cabbage
182570,Old-Fashioned Potato Soup
182659,Pineapple Stuffing
182754,Instant Pot® Popcorn
182761,Country Fried Squash
182850,Pesto
182945,Peanut Butter Shoestring Haystacks
182953,Horseradish Sauce
183047,Cavatelli and Broccoli
183141,Garbanzo Stir-Fry
183223,Easy Peach Cobbler
